{
    "center":[
        0.3609428711736782,
        1.0,
        0.0
    ],
    "error":80.70380421446623,
    "error_log":[
        0.4728769233978328,
        0.0035067281856285965,
        0.08797867911933692,
        0.8272495834183263,
        0.3663766640574633,
        0.9866443160002788,
        -0.02335213364538589,
        0.3812958571857883,
        0.21436800471923906,
        0.7987413133911646,
        0.05187987973941444,
        0.7355861864775173,
        0.4178734732302158,
        0.10859860371661893,
        5.851671315171281e-06
    ],
    "hidden_node":3,
    "input_node":5,
    "iteration":11,
    "l_rate":0.01,
    "max_epochs":3000,
    "output":[
        0.017551606385473525,
        0.02272978915962485,
        0.03581881383567244,
        0.039527211839666516,
        0.03193253815806462,
        0.013355683999721158,
        0.02335213364538589,
        0.020997408774759925,
        0.014375557616782704,
        0.01750589290560033,
        0.017986994228130153,
        0.019539651633453885,
        0.022025467591861962,
        0.019571642129266115,
        0.03973761349242004
    ],
    "weight":[
        0.0011128284436148746,
        0.0035461309433732426,
        0.0035469148674091783,
        0.0006756388083358363
    ]
}